Title,Date,Link,Authors,Affiliations
,,https://link.springer.com/article/10.1007/s42979-024-03363-6,,
,,https://link.springer.com/article/10.1007/s42979-024-03381-4,,
,,https://link.springer.com/article/10.1007/s42979-024-03244-y,,
,,https://link.springer.com/article/10.1007/s42979-024-03387-y,,
,,https://link.springer.com/article/10.1007/s42979-024-03373-4,,
,,https://link.springer.com/article/10.1007/s42979-024-03376-1,,
,,https://link.springer.com/article/10.1007/s42979-024-03362-7,,
,,https://link.springer.com/article/10.1007/s42979-024-03393-0,,
,,https://link.springer.com/article/10.1007/s42979-024-03354-7,,
,,https://link.springer.com/article/10.1007/s42979-024-03308-z,,
